Country,Crop,Production,Global_Production_Share_%,Water_Stress,Agriculture_Withdrawal_Share,Risk_Category,Hotspot_Score
Afghanistan,Maize (corn),311000.0,0.016808302491112613,54.75701944,98.1696273,High-pressure hotspot,0.009035262984342296
Afghanistan,Potatoes,889000.0,0.11952681157483096,54.75701944,98.1696273,High-pressure hotspot,0.064251352974493
Afghanistan,Rice,592000.0,0.04432929600998391,54.75701944,98.1696273,High-pressure hotspot,0.02382910752425706
Afghanistan,Sugar cane,58394.0,0.002396027133690143,54.75701944,98.1696273,High-pressure hotspot,0.001287978680890416
Afghanistan,Wheat,3802895.0,0.25376253081933065,54.75701944,98.1696273,High-pressure hotspot,0.13640944424561866
Albania,Maize (corn),401419.0,0.021695086744951558,4.789663462,70.89084065,Lower water stress,0.0007366420680081578
Albania,Potatoes,262673.0,0.035316609872660935,4.789663462,70.89084065,Lower water stress,0.0011991517175052608
Albania,Wheat,233145.0,0.015557480616181315,4.789663462,70.89084065,Lower water stress,0.0005282437829739235
Algeria,Maize (corn),11000.0,0.000594505875891443,144.8149712,67.42997902,Severe water stress,0.000580527287161369
Algeria,Potatoes,4321830.52,0.5810738157732211,144.8149712,67.42997902,Severe water stress,0.5674110544416716
Algeria,Rice,311.45,2.332155277417143e-05,144.8149712,67.42997902,Severe water stress,2.2773194199434e-05
Algeria,Wheat,3000000.0,0.2001863297456259,144.8149712,67.42997902,Severe water stress,0.19547935797902882
Angola,Maize (corn),3089902.0,0.16699680862988375,1.871883289,20.78492491,Lower water stress,0.0006497337085069815
Angola,Potatoes,502204.0,0.06752175802038965,1.871883289,20.78492491,Lower water stress,0.00026270659064348207
Angola,Rice,10563.0,0.000790963435394358,1.871883289,20.78492491,Lower water stress,3.077397768188453e-06
Angola,Sugar cane,1013000.0,0.04156549451019137,1.871883289,20.78492491,Lower water stress,0.00016171867663583876
Angola,Wheat,8097.0,0.0005403029039834442,1.871883289,20.78492491,Lower water stress,2.102154001639014e-06
Antigua and Barbuda,Maize (corn),51.53,2.7849897986078233e-06,8.461538462,15.65217391,Lower water stress,3.6884814718876574e-08
Argentina,Maize (corn),59037179.0,3.1907227101413547,10.45666408,73.92800424,Lower water stress,0.24665572616207038
Argentina,Potatoes,2259130.89,0.3037420834779642,10.45666408,73.92800424,Lower water stress,0.02348048732912876
Argentina,Rice,1222426.0,0.09153595270996721,10.45666408,73.92800424,Lower water stress,0.007076098093341887
Argentina,Sugar cane,15500000.0,0.6359972012911809,10.45666408,73.92800424,Lower water stress,0.049165147138270415
Argentina,Wheat,12555860.0,0.8378371767333047,10.45666408,73.92800424,Lower water stress,0.06476819078508295
Armenia,Maize (corn),5154.1,0.0002785584304483715,61.97296752,77.47395833,High-pressure hotspot,0.00013374401138417362
Armenia,Potatoes,351392.9,0.04724507643085874,61.97296752,77.47395833,High-pressure hotspot,0.022683736513894708
Armenia,Wheat,138612.8,0.009249462562588162,61.97296752,77.47395833,High-pressure hotspot,0.004440936231142204
Australia,Maize (corn),430000.0,0.023239775148483677,4.672295939,66.88583383,Lower water stress,0.0007262671654860192
Australia,Potatoes,1462066.0,0.19657602620018763,4.672295939,66.88583383,Lower water stress,0.006143205450085037
Australia,Rice,691444.48,0.051775755115522626,4.672295939,66.88583383,Lower water stress,0.001618046244784875
Australia,Sugar cane,28669279.82,1.1763601115195956,4.672295939,66.88583383,Lower water stress,0.036762478050046794
Australia,Wheat,41199486.0,2.749191296582099,4.672295939,66.88583383,Lower water stress,0.08591508986599598
Austria,Maize (corn),2113960.0,0.11425105830904317,8.676429953,5.23569052,Lower water stress,0.0005190094485395739
Austria,Potatoes,686220.0,0.09226286686038301,8.676429953,5.23569052,Lower water stress,0.00041912346685104895
Austria,Wheat,1712530.0,0.1142750317597589,8.676429953,5.23569052,Lower water stress,0.000519118352978795
Azerbaijan,Maize (corn),269600.1,0.014570803962810963,57.52704791,92.24244294,High-pressure hotspot,0.007731903045515203
Azerbaijan,Potatoes,1074261.3,0.14443535206662875,57.52704791,92.24244294,High-pressure hotspot,0.07664368701784283
Azerbaijan,Rice,10715.4,0.0008023752338942256,57.52704791,92.24244294,High-pressure hotspot,0.00042577523727770327
Azerbaijan,Wheat,1690831.6,0.11282712407397473,57.52704791,92.24244294,High-pressure hotspot,0.0598709849141359
Bahrain,Potatoes,110.0,1.4789594233106191e-05,133.7068966,33.31031308,Severe water stress,6.587016968517704e-06
Bangladesh,Maize (corn),4261845.0,0.23033562678532427,5.723339482,87.81711737,Lower water stress,0.011576833868944357
Bangladesh,Potatoes,10144835.0,1.3639817564710353,5.723339482,87.81711737,Lower water stress,0.06855470174248436
Bangladesh,Rice,57776021.6,4.326301290178419,5.723339482,87.81711737,Lower water stress,0.2174430069824801
Bangladesh,Sugar cane,3087428.0,0.12668358497987278,5.723339482,87.81711737,Lower water stress,0.006367207877056583
Bangladesh,Wheat,1085834.0,0.07245637439100397,5.723339482,87.81711737,Lower water stress,0.0036417093646241446
Barbados,Maize (corn),51.0,2.7563454245875993e-06,87.5,67.65432099,Severe water stress,1.6316884335007138e-06
Barbados,Sugar cane,95955.0,0.0039372329967674365,87.5,67.65432099,Severe water stress,0.002330744718537583
Belarus,Maize (corn),975000.0,0.05269483899946881,4.660514173,27.22772277,Lower water stress,0.0006686721494516867
Belarus,Potatoes,3858797.0,0.5188185623447953,4.660514173,27.22772277,Lower water stress,0.006583557893820025
Belarus,Wheat,2900000.0,0.19351345208743834,4.660514173,27.22772277,Lower water stress,0.0024555925857640023
Belgium,Maize (corn),500390.0,0.02704407229430174,52.82574225,0.852681365,Severe water stress,0.00012181603737740914
Belgium,Potatoes,3577730.0,0.4810288634146456,52.82574225,0.852681365,Severe water stress,0.0021667236120233883
Belgium,Rice,0.0,0.0,52.82574225,0.852681365,Severe water stress,0.0
Belgium,Wheat,1851870.0,0.1235730194886774,52.82574225,0.852681365,Severe water stress,0.0005566164517332613
Belize,Maize (corn),110652.0,0.005980296743558176,1.260294485,67.72277228,Lower water stress,5.104221330036432e-05
Belize,Potatoes,592.0,7.959490714544424e-05,1.260294485,67.72277228,Lower water stress,6.793475980128736e-07
Belize,Rice,15364.0,0.0011504650403672174,1.260294485,67.72277228,Lower water stress,9.819292336670403e-06
Belize,Sugar cane,1803634.0,0.07400685007442696,1.260294485,67.72277228,Lower water stress,0.0006316531752803041
Benin,Maize (corn),1619605.06,0.08753315679941027,0.975243811,25.21367521,Lower water stress,0.0002152394869826915
Benin,Potatoes,276.04,3.711381447369667e-05,0.975243811,25.21367521,Lower water stress,9.126094247457873e-08
Benin,Rice,525014.19,0.03931336053708096,0.975243811,25.21367521,Lower water stress,9.666951202225923e-05
Benin,Sugar cane,75500.0,0.003097921851450591,0.975243811,25.21367521,Lower water stress,7.6176289579811806e-06
Bhutan,Maize (corn),25981.09,0.0014041736970058553,1.413807531,94.08284024,Lower water stress,1.8677620372124068e-05
Bhutan,Potatoes,31145.61,0.004187553945841587,1.413807531,94.08284024,Lower water stress,5.570076056473319e-05
Bhutan,Rice,41049.13,0.003073782153247146,1.413807531,94.08284024,Lower water stress,4.088592193927193e-05
Bhutan,Sugar cane,307.7,1.2625570247567506e-05,1.413807531,94.08284024,Lower water stress,1.6793905808696189e-07
Bhutan,Wheat,769.78,5.136647763719596e-05,1.413807531,94.08284024,Lower water stress,6.832513464726622e-07
Bolivia (Plurinational State of),Maize (corn),985620.8,0.05326885063643861,0.202979589,87.07838123,Lower water stress,9.415340747749575e-05
Bolivia (Plurinational State of),Potatoes,1243912.95,0.16724516174369192,0.202979589,87.07838123,Lower water stress,0.0002956080650165551
Bolivia (Plurinational State of),Rice,608680.66,0.045578353298466844,0.202979589,87.07838123,Lower water stress,8.056035035470249e-05
Bolivia (Plurinational State of),Sugar cane,9659111.34,0.3963334051096715,0.202979589,87.07838123,Lower water stress,0.0007005246057009564
Bolivia (Plurinational State of),Wheat,310729.65,0.020734609392214307,0.202979589,87.07838123,Lower water stress,3.6648700012619314e-05
Bosnia and Herzegovina,Maize (corn),987215.0,0.053355010751651895,2.071713147,,Lower water stress,
Bosnia and Herzegovina,Potatoes,286372.0,0.03850296072475533,2.071713147,,Lower water stress,
Bosnia and Herzegovina,Wheat,281414.0,0.01877841193301185,2.071713147,,Lower water stress,
Botswana,Maize (corn),29782.35,0.001609616552077774,2.230009819,27.97257339,Lower water stress,1.0040645330766721e-05
Botswana,Potatoes,3393.55,0.0004562657046341593,2.230009819,27.97257339,Lower water stress,2.8461450094498053e-06
Botswana,Wheat,2860.0,0.00019084430102416332,2.230009819,27.97257339,Lower water stress,1.1904698280520145e-06
Brazil,Maize (corn),109741957.0,5.931112569847824,1.495816821,60.84191934,Lower water stress,0.05397808657425582
Brazil,Potatoes,3926076.0,0.527864281530333,1.495816821,60.84191934,Lower water stress,0.0048040065927517405
Brazil,Rice,10773990.0,0.8067624863489975,1.495816821,60.84191934,Lower water stress,0.007342213593178418
Brazil,Sugar cane,725729052.0,29.77817070759367,1.495816821,60.84191934,Lower water stress,0.2710062669605849
Brazil,Wheat,10343182.0,0.690187880823674,1.495816821,60.84191934,Lower water stress,0.006281287152261603
Brunei Darussalam,Rice,3562.6,0.0002667695100762984,3.466465712,5.760869565,Lower water stress,5.327348919732222e-07
Brunei Darussalam,Sugar cane,81.18,3.3309840516656817e-06,3.466465712,5.760869565,Lower water stress,6.651927457606049e-09
Bulgaria,Maize (corn),2554370.0,0.138053452200075,40.23530092,13.34513986,Water stressed,0.0074127210025901535
Bulgaria,Potatoes,172210.0,0.02315378202621107,40.23530092,13.34513986,Water stressed,0.0012432324116484206
Bulgaria,Rice,64320.0,0.004816318107030684,40.23530092,13.34513986,Water stressed,0.000258610138451302
Bulgaria,Wheat,6447770.0,0.43025180378131805,40.23530092,13.34513986,Water stressed,0.0231021863739409
Burkina Faso,Maize (corn),1810276.28,0.09783817140426392,7.820267686,51.43031785,Lower water stress,0.0039350400295230965
Burkina Faso,Potatoes,34185.19,0.004596228080742178,7.820267686,51.43031785,Lower water stress,0.00018485976611118838
Burkina Faso,Rice,438982.38,0.03287124977396493,7.820267686,51.43031785,Lower water stress,0.0013220778947976824
Burkina Faso,Sugar cane,511397.47,0.020983700623702622,7.820267686,51.43031785,Lower water stress,0.0008439620317576786
Burundi,Maize (corn),781721.0,0.04224888434615769,10.19286754,79.25740807,Lower water stress,0.0034131194777991896
Burundi,Potatoes,423241.0,0.05690511502558271,10.19286754,79.25740807,Lower water stress,0.004597138113491588
Burundi,Rice,115000.0,0.008611265272209711,10.19286754,79.25740807,Lower water stress,0.0006956699019141717
Burundi,Sugar cane,193892.0,0.007955791571145138,10.19286754,79.25740807,Lower water stress,0.0006427167863251661
Burundi,Wheat,9608.0,0.0006411300853986578,10.19286754,79.25740807,Lower water stress,5.179435187798578e-05
Cabo Verde,Maize (corn),221.6,1.1976591099776705e-05,59.68371,38.99022186,Severe water stress,2.787049872278617e-06
Cabo Verde,Potatoes,4031.0,0.0005419714032150097,59.68371,38.99022186,Severe water stress,0.00012612114060880125
Cabo Verde,Sugar cane,22930.0,0.0009408655371359213,59.68371,38.99022186,Severe water stress,0.00021894704037736678
Cambodia,Maize (corn),1163000.0,0.06285548487834074,1.036544851,94.0018315,Lower water stress,0.0006124457072385974
Cambodia,Rice,11851700.0,0.887462022840416,1.036544851,94.0018315,Lower water stress,0.00864717386681375
Cambodia,Sugar cane,639011.11,0.02621995339057877,1.036544851,94.0018315,Lower water stress,0.0002554796598759447
Cameroon,Maize (corn),2200000.0,0.11890117517828859,1.560430108,67.71407571,Lower water stress,0.0012563464679032881
Cameroon,Potatoes,372336.53,0.05006096542602519,1.560430108,67.71407571,Lower water stress,0.0005289595918501893
Cameroon,Rice,343100.0,0.02569152273821871,1.560430108,67.71407571,Lower water stress,0.0002714645485952436
Cameroon,Sugar cane,1100000.0,0.04513528525292252,1.560430108,67.71407571,Lower water stress,0.0004769133368134367
Cameroon,Wheat,596.3,3.979036947577223e-05,1.560430108,67.71407571,Lower water stress,4.204373091560625e-07
Canada,Maize (corn),14538878.0,0.7857680363517118,3.720700309,10.69419426,Lower water stress,0.0031265625215235525
Canada,Potatoes,6275106.0,0.8436933773611824,3.720700309,10.69419426,Lower water stress,0.0033570468271559824
Canada,Wheat,34872782.0,2.327018078866442,3.720700309,10.69419426,Lower water stress,0.009259179777879122
Central African Republic,Maize (corn),214384.0,0.011586595245191919,0.335648148,0.551724138,Lower water stress,2.145665785467807e-07
Central African Republic,Potatoes,1393.62,0.00018737340286492229,0.335648148,0.551724138,Lower water stress,3.469877829734096e-09
Central African Republic,Rice,51773.0,0.0038767916255488116,0.335648148,0.551724138,Lower water stress,7.179243748744952e-08
Central African Republic,Sugar cane,125503.34,0.005149662773722291,0.335648148,0.551724138,Lower water stress,9.536412540913044e-08
Chad,Maize (corn),363985.0,0.01967192920330426,4.294921875,76.4211005,Lower water stress,0.0006456772856651259
Chad,Potatoes,35617.4,0.004788789942165786,4.294921875,76.4211005,Lower water stress,0.00015717893550362615
Chad,Rice,231965.0,0.01736967085972283,4.294921875,76.4211005,Lower water stress,0.0005701119507749486
Chad,Sugar cane,300872.0,0.012345403222379368,4.294921875,76.4211005,Lower water stress,0.0004052041038114609
Chad,Wheat,1205.0,8.040817578115972e-05,4.294921875,76.4211005,Lower water stress,2.6391785039030635e-06
Chile,Maize (corn),608005.91,0.032860280551974895,8.982121089,90.88662342,Lower water stress,0.0026825643056591036
Chile,Potatoes,1024511.41,0.13774643673715903,8.982121089,90.88662342,Lower water stress,0.011244994510572582
Chile,Rice,100557.0,0.007529765234587756,8.982121089,90.88662342,Lower water stress,0.0006146958914836168
Chile,Wheat,1106926.47,0.07386384910919389,8.982121089,90.88662342,Lower water stress,0.006029909719897539
China,Maize (corn),277430136.0,14.99398600012383,41.5185288,62.14454059,Water stressed,3.8686731452561687
China,Potatoes,92360428.0,12.41793866650927,41.5185288,62.14454059,Water stressed,3.2040143186852292
China,Rice,210070577.0,15.730204038549184,41.5185288,62.14454059,Water stressed,4.058628434949371
China,Sugar cane,103897079.0,4.263112997827659,41.5185288,62.14454059,Water stressed,1.0999470567567675
China,Wheat,137726000.0,9.190287483515357,41.5185288,62.14454059,Water stressed,2.37123193154683
Colombia,Maize (corn),1921177.46,0.10383193532729068,3.632281437,82.17445509,Lower water stress,0.0030991833703983467
Colombia,Potatoes,2526330.01,0.3396672340619919,3.632281437,82.17445509,Lower water stress,0.010138413003243368
Colombia,Rice,2608500.0,0.1953259605439916,3.632281437,82.17445509,Lower water stress,0.005830103877163454
Colombia,Sugar cane,35723117.0,1.465793705380478,3.632281437,82.17445509,Lower water stress,0.04375112013303438
Colombia,Wheat,12930.0,0.0008628030812036474,3.632281437,82.17445509,Lower water stress,2.5753010889819962e-05
Comoros,Maize (corn),19227.78,0.0010391843809407243,0.833333333,47.0,Lower water stress,4.070138823723115e-06
Comoros,Potatoes,3494.03,0.0004697753267118185,0.833333333,47.0,Lower water stress,1.8399533622186408e-06
Comoros,Rice,5.0,3.7440283792216137e-07,0.833333333,47.0,Lower water stress,1.4664111146085676e-09
Congo,Maize (corn),13000.0,0.0007025978533262507,0.027446301,4.362050164,Lower water stress,8.411651980901483e-09
Congo,Potatoes,7129.54,0.0009585727606245447,0.027446301,4.362050164,Lower water stress,1.1476238395225387e-08
Congo,Rice,1000.0,7.488056758443227e-05,0.027446301,4.362050164,Lower water stress,8.964861928778734e-10
Congo,Sugar cane,676584.76,0.027761678309436474,0.027446301,4.362050164,Lower water stress,3.323687586564337e-07
Costa Rica,Maize (corn),6706.0,0.0003624324003389106,5.881962457,60.71932866,Lower water stress,1.2944230106360988e-05
Costa Rica,Potatoes,77784.0,0.010458125434799383,5.881962457,60.71932866,Lower water stress,0.0003735107070522476
Costa Rica,Rice,114343.0,0.00856206873930674,5.881962457,60.71932866,Lower water stress,0.00030579326750155336
Costa Rica,Sugar cane,3897888.0,0.15993844251267603,5.881962457,60.71932866,Lower water stress,0.005712182467133589
Croatia,Maize (corn),1641890.0,0.0887375684152183,1.509559804,7.480314961,Lower water stress,0.00010020230950503444
Croatia,Potatoes,103400.0,0.013902218579119822,1.509559804,7.480314961,Lower water stress,1.5698361288798874e-05
Croatia,Rice,0.0,0.0,1.509559804,7.480314961,Lower water stress,0.0
Croatia,Wheat,971470.0,0.06482500458599438,1.509559804,7.480314961,Lower water stress,7.320028359124051e-05
Cuba,Maize (corn),167054.07,0.009028602382416403,23.93944607,64.93749102,Lower water stress,0.0014035572413712816
Cuba,Potatoes,92942.13,0.012496148998732783,23.93944607,64.93749102,Lower water stress,0.00194261079107703
Cuba,Rice,143812.0,0.010768724185452374,23.93944607,64.93749102,Lower water stress,0.0016740709326460012
Cuba,Sugar cane,7000000.0,0.2872245425185978,23.93944607,64.93749102,Lower water stress,0.044650995743998716
Cyprus,Potatoes,85160.0,0.011449834953557485,30.48113723,61.24567474,Water stressed,0.0021374984883914616
Cyprus,Rice,0.0,0.0,30.48113723,61.24567474,Water stressed,0.0
Cyprus,Wheat,31100.0,0.0020752649516963214,30.48113723,61.24567474,Water stressed,0.00038741830910710476
Czechia,Maize (corn),639470.0,0.034560788405118274,21.97384428,3.042876902,Lower water stress,0.0002310862298545912
Czechia,Potatoes,655260.0,0.08810026833804693,21.97384428,3.042876902,Lower water stress,0.0005890710194678907
Czechia,Rice,0.0,0.0,21.97384428,3.042876902,Lower water stress,0.0
Czechia,Wheat,5188690.0,0.3462349357626105,21.97384428,3.042876902,Lower water stress,0.002315054998498794
Democratic People's Republic of Korea,Maize (corn),2300000.0,0.12430577405002899,27.7404678,76.34733997,Water stressed,0.026326855703208633
Democratic People's Republic of Korea,Potatoes,536176.99,0.0720894556293476,27.7404678,76.34733997,Water stressed,0.01526790457306398
Democratic People's Republic of Korea,Rice,2140000.0,0.16024441463068506,27.7404678,76.34733997,Water stressed,0.03393833965853653
Democratic People's Republic of Korea,Wheat,88600.0,0.005912169605154151,27.7404678,76.34733997,Water stressed,0.0012521448603437016
Democratic Republic of the Congo,Maize (corn),2283672.0,0.12342331114625121,0.226883505,10.51784669,Lower water stress,2.9452824677722597e-05
Democratic Republic of the Congo,Potatoes,105457.0,0.014178783991278908,0.226883505,10.51784669,Lower water stress,3.3835199781959638e-06
Democratic Republic of the Congo,Rice,1692323.0,0.12672210677618917,0.226883505,10.51784669,Lower water stress,3.024002483005907e-05
Democratic Republic of the Congo,Sugar cane,2416432.34,0.09915123905480641,0.226883505,10.51784669,Lower water stress,2.366071719628204e-05
Democratic Republic of the Congo,Wheat,9000.0,0.0006005589892368776,0.226883505,10.51784669,Lower water stress,1.4331294837540337e-07
Denmark,Maize (corn),60690.0,0.003280051055259243,25.26636019,54.20741692,Water stressed,0.00044924370429688784
Denmark,Potatoes,2617600.0,0.35193856240526156,25.26636019,54.20741692,Water stressed,0.04820235441346355
Denmark,Rice,0.0,0.0,25.26636019,54.20741692,Water stressed,0.0
Denmark,Wheat,4165400.0,0.27795204597414336,25.26636019,54.20741692,Water stressed,0.03806898266114152
Djibouti,Maize (corn),17.22,9.306719257136952e-07,6.333333333,15.78947368,Lower water stress,9.30671925416533e-09
Djibouti,Sugar cane,55.69,2.285076396122959e-06,6.333333333,15.78947368,Lower water stress,2.2850763953933377e-08
Dominica,Maize (corn),193.13,1.0437901800992215e-05,10.0,5.0,Lower water stress,5.2189509004961084e-08
Dominica,Potatoes,149.36,2.008157995142492e-05,10.0,5.0,Lower water stress,1.0040789975712461e-07
Dominica,Sugar cane,4894.28,0.0002008224762797033,10.0,5.0,Lower water stress,1.0041123813985167e-06
Dominican Republic,Maize (corn),62824.95,0.003395436538871464,39.55331412,83.31221979,Water stressed,0.0011188895101290925
Dominican Republic,Potatoes,92425.03,0.012426624460751517,39.55331412,83.31221979,Water stressed,0.004094913745632755
Dominican Republic,Rice,1006100.0,0.07533733904669732,39.55331412,83.31221979,Water stressed,0.024825720467862203
Dominican Republic,Sugar cane,5799880.0,0.23798112566610932,39.55331412,83.31221979,Water stressed,0.0784213110945152
Ecuador,Maize (corn),1641131.23,0.08869655994035919,6.782352941,81.4277072,Lower water stress,0.004898457771565989
Ecuador,Potatoes,251433.39,0.03380543467958491,6.782352941,81.4277072,Lower water stress,0.0018669776408321492
Ecuador,Rice,1252800.0,0.09381037506977676,6.782352941,81.4277072,Lower water stress,0.005180879180918179
Ecuador,Sugar cane,7740492.1,0.31760847175590295,6.782352941,81.4277072,Lower water stress,0.01754060910405134
Ecuador,Wheat,7431.0,0.0004958615387799153,6.782352941,81.4277072,Lower water stress,2.738501707270734e-05
Egypt,Maize (corn),6857490.0,0.3706198271697101,141.1657559,79.16129032,High-pressure hotspot,0.41416259367800645
Egypt,Potatoes,7210464.0,0.9694530617492709,141.1657559,79.16129032,High-pressure hotspot,1.083350552422839
Egypt,Rice,4300578.0,0.3220297215811226,141.1657559,79.16129032,High-pressure hotspot,0.3598638144914236
Egypt,Sugar cane,15564534.0,0.6386451653807375,141.1657559,79.16129032,High-pressure hotspot,0.713677247528604
Egypt,Wheat,9622993.0,0.6421305499459499,141.1657559,79.16129032,High-pressure hotspot,0.7175721171650108
El Salvador,Maize (corn),779043.0,0.042104149188372485,12.09309202,72.78630208,Lower water stress,0.0037060554159649996
El Salvador,Potatoes,7727.0,0.0010389017694473776,12.09309202,72.78630208,Lower water stress,9.144532316970217e-05
El Salvador,Rice,14504.0,0.0010860677522446058,12.09309202,72.78630208,Lower water stress,9.55969269751355e-05
El Salvador,Sugar cane,7350297.0,0.30159795617154606,12.09309202,72.78630208,Lower water stress,0.026546997397164093
Eritrea,Maize (corn),20000.0,0.0010809197743480781,11.17511521,94.50171821,Lower water stress,0.0001141524339500657
Eritrea,Potatoes,58.1,7.811594772213362e-06,11.17511521,94.50171821,Lower water stress,8.249572053740732e-07
Eritrea,Wheat,25000.0,0.0016682194145468824,11.17511521,94.50171821,Lower water stress,0.00017617524542756446
Estonia,Maize (corn),0.0,0.0,13.04628519,0.414783445,Lower water stress,0.0
Estonia,Potatoes,72620.0,0.009763821210983379,13.04628519,0.414783445,Lower water stress,5.283577724446869e-06
Estonia,Rice,0.0,0.0,13.04628519,0.414783445,Lower water stress,0.0
Estonia,Wheat,854120.0,0.05699438265411133,13.04628519,0.414783445,Lower water stress,3.0841843997626255e-05
Eswatini,Maize (corn),127000.0,0.006863840567110296,77.55991285,94.19475655,High-pressure hotspot,0.005014541474101955
Eswatini,Potatoes,8576.84,0.001153163485475223,77.55991285,94.19475655,High-pressure hotspot,0.0008424709268516656
Eswatini,Rice,1000.0,7.488056758443227e-05,77.55991285,94.19475655,High-pressure hotspot,5.470577413404484e-05
Eswatini,Sugar cane,5539396.0,0.22729292598990727,77.55991285,94.19475655,High-pressure hotspot,0.16605423640051473
Eswatini,Wheat,719.66,4.802203135491237e-05,77.55991285,94.19475655,High-pressure hotspot,3.50836336516502e-05
Ethiopia,Maize (corn),11853521.14,0.6406352697939487,32.25718654,91.83644448,Water stressed,0.18978085191998134
Ethiopia,Potatoes,4186455.13,0.5628724786164166,32.25718654,91.83644448,Water stressed,0.1667445168114034
Ethiopia,Rice,290790.37,0.02177454795368707,32.25718654,91.83644448,Water stressed,0.006450460122422457
Ethiopia,Sugar cane,815326.91,0.03345455696112171,32.25718654,91.83644448,Water stressed,0.009910528845421356
Ethiopia,Wheat,6231427.18,0.41581551208044515,32.25718654,91.83644448,Water stressed,0.12318057691321256
Fiji,Maize (corn),1685.19,9.107775972668188e-05,0.29737303,58.89281508,Lower water stress,1.5950570893472947e-07
Fiji,Potatoes,0.0,0.0,0.29737303,58.89281508,Lower water stress,0.0
Fiji,Rice,13356.0,0.0010001048606576774,0.29737303,58.89281508,Lower water stress,1.7514971304409286e-06
Fiji,Sugar cane,1639000.0,0.06725157502685455,0.29737303,58.89281508,Lower water stress,0.00011777859033672553
Finland,Maize (corn),0.0,0.0,7.11406213,35.72602427,Lower water stress,0.0
Finland,Potatoes,533290.0,0.07170129735066547,7.11406213,35.72602427,Lower water stress,0.0018223397838717566
Finland,Rice,0.0,0.0,7.11406213,35.72602427,Lower water stress,0.0
Finland,Wheat,844240.0,0.05633510234148239,7.11406213,35.72602427,Lower water stress,0.0014317969411806952
France,Maize (corn),10877190.0,0.5878684880170585,21.38462716,10.29637556,Lower water stress,0.012943932478606151
France,Potatoes,8067380.0,1.0846661520388747,21.38462716,10.29637556,Lower water stress,0.023882629737781328
France,Rice,64480.0,0.0048282989978441935,21.38462716,10.29637556,Lower water stress,0.00010631149226152002
France,Wheat,34632380.0,2.310976347518606,21.38462716,10.29637556,Lower water stress,0.050884036841023356
Gabon,Maize (corn),46012.39,0.002486785110800788,0.502166065,28.97196262,Lower water stress,3.617958122016812e-06
Gabon,Rice,1757.84,0.00013162805692261843,0.502166065,28.97196262,Lower water stress,1.915021911463536e-07
Gabon,Sugar cane,223500.0,0.009170669321843803,0.502166065,28.97196262,Lower water stress,1.3342165116394377e-05
Gambia,Maize (corn),19523.0,0.0010551398377298764,2.209656372,38.58267717,Lower water stress,8.995537546260497e-06
Gambia,Rice,44597.0,0.003339448672562926,2.209656372,38.58267717,Lower water stress,2.8470288812600094e-05
Georgia,Maize (corn),152900.0,0.008263631674891057,4.212964169,33.55239759,Lower water stress,0.00011681060589232435
Georgia,Potatoes,198900.0,0.026742275390589286,4.212964169,33.55239759,Lower water stress,0.00037801556436810953
Georgia,Wheat,156800.0,0.010463072168038046,4.212964169,33.55239759,Lower water stress,0.00014790080772322814
Germany,Maize (corn),3837400.0,0.20739607710416574,35.35165707,4.166591548,Water stressed,0.0030548595059709614
Germany,Potatoes,10683400.0,1.4363922820906063,35.35165707,4.166591548,Water stressed,0.021157471628761464
Germany,Rice,0.0,0.0,35.35165707,4.166591548,Water stressed,0.0
Germany,Wheat,22587300.0,1.5072228952877917,35.35165707,4.166591548,Water stressed,0.02220077763078626
Ghana,Maize (corn),3255718.0,0.17595849829504878,6.314734089,73.0574901,Lower water stress,0.008117645134223772
Ghana,Rice,1283000.0,0.09607176821082661,6.314734089,73.0574901,Lower water stress,0.004432161727393164
Ghana,Sugar cane,155609.1,0.006384964651318678,6.314734089,73.0574901,Lower water stress,0.00029456308013641586
Greece,Maize (corn),1340950.0,0.07247296857060277,20.32571313,80.47448878,Lower water stress,0.011854413421267676
Greece,Potatoes,391940.0,0.05269666876112401,20.32571313,80.47448878,Lower water stress,0.008619601345698953
Greece,Rice,214750.0,0.016080601888756832,20.32571313,80.47448878,Lower water stress,0.002630306259173507
Greece,Wheat,1203260.0,0.08029206770990727,20.32571313,80.47448878,Lower water stress,0.013133384541222488
Grenada,Maize (corn),388.4,2.0991462017839673e-05,7.05,14.89361702,Lower water stress,2.2041035116842422e-07
Grenada,Sugar cane,6276.0,0.0002575173184066743,7.05,14.89361702,Lower water stress,2.7039318430383143e-06
Guatemala,Maize (corn),2072142.0,0.11199096315285875,5.742097081,56.73716194,Lower water stress,0.0036485568582440065
Guatemala,Potatoes,643343.0,0.08649801747917488,5.742097081,56.73716194,Lower water stress,0.002818021436849277
Guatemala,Rice,27891.0,0.002088493910497401,5.742097081,56.73716194,Lower water stress,6.80411040857418e-05
Guatemala,Sugar cane,25845178.0,1.0604813467659613,5.742097081,56.73716194,Lower water stress,0.03454945275809087
Guatemala,Wheat,641.0,4.277314578898206e-05,5.742097081,56.73716194,Lower water stress,1.393507565463576e-06
Guinea,Maize (corn),814706.25,0.04403160479549845,1.369230769,67.41573034,Lower water stress,0.00040644558267678856
Guinea,Potatoes,457632.43,0.06152907225100339,1.369230769,67.41573034,Lower water stress,0.0005679606668612269
Guinea,Rice,3158100.0,0.23648032048839557,1.369230769,67.41573034,Lower water stress,0.0021828952657734165
Guinea,Sugar cane,321503.01,0.013191936423657456,1.369230769,67.41573034,Lower water stress,0.00012177172081851457
Guinea-Bissau,Maize (corn),20328.0,0.0010986468586473865,1.495726496,75.78947368,Lower water stress,1.2454296374916148e-05
Guinea-Bissau,Rice,224000.0,0.016773247138912827,1.495726496,75.78947368,Lower water stress,0.00019014207285398643
Guinea-Bissau,Sugar cane,7059.9,0.000289682363961007,1.495726496,75.78947368,Lower water stress,3.283848660704758e-06
Guyana,Maize (corn),4000.0,0.00021618395486961561,3.298401827,94.34484668,Lower water stress,6.727368276948527e-06
Guyana,Rice,929600.0,0.06960897562648824,3.298401827,94.34484668,Lower water stress,0.0021661423240358023
Guyana,Sugar cane,700149.0,0.02872856803140768,3.298401827,94.34484668,Lower water stress,0.0008939963066787855
Haiti,Maize (corn),185000.0,0.009998507912719723,13.38379177,83.37931034,Lower water stress,0.001115764820822823
Haiti,Potatoes,35039.75,0.004711124404813479,13.38379177,83.37931034,Lower water stress,0.0005257291311160149
Haiti,Rice,140000.0,0.010483279461820517,13.38379177,83.37931034,Lower water stress,0.0011698619966558639
Haiti,Sugar cane,1529916.59,0.06277565609348046,13.38379177,83.37931034,Lower water stress,0.007005332124013373
Honduras,Maize (corn),683605.34,0.036946126492797056,4.621268764,73.30429372,Lower water stress,0.0012515827057947193
Honduras,Potatoes,27071.47,0.0036397823326700662,4.621268764,73.30429372,Lower water stress,0.00012330084511877438
Honduras,Rice,51128.99,0.0038285677912187617,4.621268764,73.30429372,Lower water stress,0.00012969611946698348
Honduras,Sugar cane,5507700.0,0.22599237326138302,4.621268764,73.30429372,Lower water stress,0.007655691485563324
Honduras,Wheat,1272.53,8.491437006373376e-05,4.621268764,73.30429372,Lower water stress,2.8765493742880366e-06
Hungary,Maize (corn),2765600.0,0.14946958639685223,8.108497409,11.04662266,Lower water stress,0.0013388216734517705
Hungary,Potatoes,199210.0,0.026783955156155313,8.108497409,11.04662266,Lower water stress,0.000239907933970012
Hungary,Rice,10150.0,0.0007600377609819876,8.108497409,11.04662266,Lower water stress,6.807773083299779e-06
Hungary,Wheat,4354710.0,0.2905844706688582,8.108497409,11.04662266,Lower water stress,0.0026028090173946627
Iceland,Potatoes,7200.0,0.0009680461679851325,0.394075282,0.107797341,Lower water stress,4.112286022007639e-09
India,Maize (corn),34722657.26,1.8766203425122425,66.49209283,90.40735874,High-pressure hotspot,1.1281067654121408
India,Potatoes,56176000.0,7.552911323990667,66.49209283,90.40735874,High-pressure hotspot,4.54033784571759
India,Rice,193473289.35,14.487389718955097,66.49209283,90.40735874,High-pressure hotspot,8.708912498111706
India,Sugar cane,439424890.0,18.030516143076454,66.49209283,90.40735874,High-pressure hotspot,10.838818478141203
India,Wheat,107742070.0,7.189496517498768,66.49209283,90.40735874,High-pressure hotspot,4.321875596019485
Indonesia,Maize (corn),16527273.0,0.8932328100874541,29.69654528,85.2067285,Water stressed,0.22601875956078052
Indonesia,Potatoes,1503998.26,0.20221385447907045,29.69654528,85.2067285,Water stressed,0.05116709108668871
Indonesia,Rice,54748977.08,4.099634478417474,29.69654528,85.2067285,Water stressed,1.0373491535468835
Indonesia,Sugar cane,32400000.0,1.3294393110860814,29.69654528,85.2067285,Water stressed,0.33639407398570104
Iran (Islamic Republic of),Maize (corn),320169.71,0.01730388853431448,81.28908129,92.17577706,High-pressure hotspot,0.012965603359256705
Iran (Islamic Republic of),Potatoes,2599088.74,0.3494497076403204,81.28908129,92.17577706,High-pressure hotspot,0.26183862050935863
Iran (Islamic Republic of),Rice,3629200.0,0.2717565558774216,81.28908129,92.17577706,High-pressure hotspot,0.2036240413128573
Iran (Islamic Republic of),Sugar cane,8258192.84,0.33885080864276573,81.28908129,92.17577706,High-pressure hotspot,0.25389698818928186
Iran (Islamic Republic of),Wheat,13284000.0,0.8864250681136313,81.28908129,92.17577706,High-pressure hotspot,0.6641880417844915
Iraq,Maize (corn),496003.0,0.026806972541798486,59.58384831,73.47020554,Severe water stress,0.011735121046397732
Iraq,Potatoes,270591.0,0.036381191755731256,59.58384831,73.47020554,Severe water stress,0.015926367231510963
Iraq,Rice,11637.0,0.0008713851649800384,59.58384831,73.47020554,Severe water stress,0.000381460844678806
Iraq,Wheat,2764692.0,0.18448451478569797,59.58384831,73.47020554,Severe water stress,0.0807606345259781
Ireland,Maize (corn),0.0,0.0,8.051010587,2.368798566,Lower water stress,0.0
Ireland,Potatoes,367950.0,0.04947119270974021,8.051010587,2.368798566,Lower water stress,9.434761152627872e-05
Ireland,Rice,0.0,0.0,8.051010587,2.368798566,Lower water stress,0.0
Ireland,Wheat,701240.0,0.04679288729027423,8.051010587,2.368798566,Lower water stress,8.923975571315718e-05
Israel,Maize (corn),50018.0,0.0027032722636671086,129.6695712,46.62571977,Severe water stress,0.0016343814041833097
Israel,Potatoes,488221.0,0.06564173169164852,129.6695712,46.62571977,Severe water stress,0.03968657802513965
Israel,Wheat,141600.0,0.009448794763993542,129.6695712,46.62571977,Severe water stress,0.0057126818714392635
Italy,Maize (corn),4697170.0,0.2538631968237281,29.76738039,50.22453321,Water stressed,0.03795388794132751
Italy,Potatoes,1332980.0,0.17922030291678084,29.76738039,50.22453321,Water stressed,0.026794381299930486
Italy,Rice,1236960.0,0.09262426687923934,29.76738039,50.22453321,Water stressed,0.013847816815382044
Italy,Wheat,6609520.0,0.44104518339343635,29.76738039,50.22453321,Water stressed,0.06593858297309571
Jamaica,Maize (corn),2426.0,0.00013111556862842186,12.38281888,17.06287064,Lower water stress,2.7702941292441134e-06
Jamaica,Potatoes,18669.0,0.0025100630430714504,12.38281888,17.06287064,Lower water stress,5.3034227628298e-05
Jamaica,Rice,0.0,0.0,12.38281888,17.06287064,Lower water stress,0.0
Jamaica,Sugar cane,479957.0,0.019693632821942666,12.38281888,17.06287064,Lower water stress,0.00041609975047837775
Japan,Maize (corn),169.35,9.152688189292352e-06,36.64367816,66.66666667,Water stressed,2.2359210688268764e-06
Japan,Potatoes,2283000.0,0.3069513057652858,36.64367816,66.66666667,Water stressed,0.0749854990654485
Japan,Rice,10451000.0,0.7825768118249017,36.64367816,66.66666667,Water stressed,0.19117661886282936
Japan,Sugar cane,1272000.0,0.052192802583379494,36.64367816,66.66666667,Water stressed,0.012750241734862677
Japan,Wheat,993500.0,0.0662950395340931,36.64367816,66.66666667,Water stressed,0.016195293949421655
Jordan,Maize (corn),0.0,0.0,105.2021265,51.64545734,Severe water stress,0.0
Jordan,Potatoes,144764.4,0.019463697594537074,105.2021265,51.64545734,Severe water stress,0.0105750394093869
Jordan,Wheat,20858.0,0.0013918288219447548,105.2021265,51.64545734,Severe water stress,0.0007562100968583404
Kazakhstan,Maize (corn),1098041.37,0.05934473149426273,34.62690707,56.74729472,Water stressed,0.011661140637332371
Kazakhstan,Potatoes,2204735.48,0.29642857400484196,34.62690707,56.74729472,Water stressed,0.05824771977826763
Kazakhstan,Rice,431391.0,0.03230280293081582,34.62690707,56.74729472,Water stressed,0.006347446832625616
Kazakhstan,Wheat,16404491.25,1.094651631560578,34.62690707,56.74729472,Water stressed,0.2150972176147989
Kenya,Maize (corn),3082220.0,0.16658162734455667,33.23990107,80.20833333,Water stressed,0.044412611935860075
Kenya,Potatoes,1831809.0,0.24628828929592747,33.23990107,80.20833333,Water stressed,0.06566334109716748
Kenya,Rice,192299.0,0.01439945826591874,33.23990107,80.20833333,Water stressed,0.0038390641407775815
Kenya,Sugar cane,8799800.0,0.36107407560787963,33.23990107,80.20833333,Water stressed,0.09626657546635001
Kenya,Wheat,368696.0,0.024602633010631092,33.23990107,80.20833333,Water stressed,0.006559349971059364
Kuwait,Maize (corn),22550.0,0.0012187370455774582,3850.5,62.272,Severe water stress,0.02922267408101191
Kuwait,Potatoes,14781.0,0.0019873181123594786,3850.5,62.272,Severe water stress,0.04765158300842168
Kuwait,Sugar cane,2.0,8.206415500531367e-08,3850.5,62.272,Severe water stress,1.967720653242018e-06
Kuwait,Wheat,40.0,2.6691510632750115e-06,3850.5,62.272,Severe water stress,6.400046004847129e-05
Kyrgyzstan,Maize (corn),732633.0,0.039595874851997774,50.03895598,92.68929504,High-pressure hotspot,0.01836486592031151
Kyrgyzstan,Potatoes,1257012.0,0.16900634023768438,50.03895598,92.68929504,High-pressure hotspot,0.07838641751821335
Kyrgyzstan,Rice,44248.0,0.0033133153544759593,50.03895598,92.68929504,High-pressure hotspot,0.0015367406949360618
Kyrgyzstan,Wheat,592507.0,0.03953726722619719,50.03895598,92.68929504,High-pressure hotspot,0.01833768326065924
Lao People's Democratic Republic,Maize (corn),462810.0,0.025013024038301697,4.791395046,95.91836735,Lower water stress,0.0011495555377391553
Lao People's Democratic Republic,Potatoes,300.0,4.033525699938052e-05,4.791395046,95.91836735,Lower water stress,1.8537389952837592e-06
Lao People's Democratic Republic,Rice,3781580.0,0.2831668567659374,4.791395046,95.91836735,Lower water stress,0.013013861410800251
Lao People's Democratic Republic,Sugar cane,1502200.0,0.0616383868244911,4.791395046,95.91836735,Lower water stress,0.0028327941796602086
Latvia,Maize (corn),0.0,0.0,1.015521509,29.07029373,Lower water stress,0.0
Latvia,Potatoes,130400.0,0.01753239170906407,1.015521509,29.07029373,Lower water stress,5.175826518421205e-05
Latvia,Rice,0.0,0.0,1.015521509,29.07029373,Lower water stress,0.0
Latvia,Wheat,2539400.0,0.16945105525201412,1.015521509,29.07029373,Lower water stress,0.0005002450777405377
Lebanon,Maize (corn),3000.0,0.0001621379661522117,58.79299156,38.04347826,Severe water stress,3.6265235069169905e-05
Lebanon,Potatoes,831109.0,0.11174331703166049,58.79299156,38.04347826,Severe water stress,0.024993514817853578
Lebanon,Wheat,152877.0,0.01020129517750735,58.79299156,38.04347826,Severe water stress,0.0022817133852227425
Lesotho,Maize (corn),72096.0,0.003896499602569952,2.565905097,8.675799087,Lower water stress,8.674105736459385e-06
Lesotho,Potatoes,133101.87,0.017895660445160454,2.565905097,8.675799087,Lower water stress,3.983802560193097e-05
Lesotho,Wheat,5704.0,0.00038062094162301667,2.565905097,8.675799087,Lower water stress,8.473108250726456e-07
Liberia,Rice,256000.0,0.01916942530161466,0.264311594,8.430431803,Lower water stress,4.271448026085539e-06
Liberia,Sugar cane,277971.07,0.011405730487736448,0.264311594,8.430431803,Lower water stress,2.5414942916312596e-06
Libya,Maize (corn),3824.8,0.00020671509764632646,817.1428571,83.19039451,High-pressure hotspot,0.0014052169170606218
Libya,Potatoes,330403.81,0.04442307529974831,817.1428571,83.19039451,High-pressure hotspot,0.3019811210203277
Libya,Wheat,130000.0,0.008674740955643788,817.1428571,83.19039451,High-pressure hotspot,0.05896953285359563
Lithuania,Maize (corn),99790.0,0.005393249214109735,2.165537131,19.55653216,Lower water stress,2.2840624288935805e-05
Lithuania,Potatoes,226420.0,0.030442362965999125,2.165537131,19.55653216,Lower water stress,0.000128924614340963
Lithuania,Rice,0.0,0.0,2.165537131,19.55653216,Lower water stress,0.0
Lithuania,Wheat,4482760.0,0.2991290905101673,2.165537131,19.55653216,Lower water stress,0.0012668235601572533
Luxembourg,Maize (corn),910.0,4.918184973283755e-05,3.95854063,1.026392962,Lower water stress,1.99826752660628e-08
Luxembourg,Potatoes,14610.0,0.0019643270158698316,3.95854063,1.026392962,Lower water stress,7.98109649956355e-07
Luxembourg,Rice,0.0,0.0,3.95854063,1.026392962,Lower water stress,0.0
Luxembourg,Wheat,85890.0,0.005731334620617269,3.95854063,1.026392962,Lower water stress,2.3286517116998734e-06
Madagascar,Maize (corn),266913.78,0.014425619142399627,11.26150628,95.89212873,Lower water stress,0.0015578079113310291
Madagascar,Potatoes,251258.0,0.03378185334383451,11.26150628,95.89212873,Lower water stress,0.0036480679185389876
Madagascar,Rice,4873948.0,0.3649639926170085,11.26150628,95.89212873,Lower water stress,0.03941208966058706
Madagascar,Sugar cane,3164339.6,0.12983942771192614,11.26150628,95.89212873,Lower water stress,0.014021227490876769
Madagascar,Wheat,2000.0,0.00013345755316375058,11.26150628,95.89212873,Lower water stress,1.4411945171511634e-05
Malawi,Maize (corn),3716479.0,0.20086078210246852,17.50483809,85.9375,Lower water stress,0.030215929814593197
Malawi,Potatoes,1442661.0,0.19396700732661104,17.50483809,85.9375,Lower water stress,0.029178884092653023
Malawi,Rice,136083.0,0.010189972278592297,17.50483809,85.9375,Lower water stress,0.0015328999716107906
Malawi,Sugar cane,2896300.0,0.11884120607094499,17.50483809,85.9375,Lower water stress,0.017877544357511238
Malawi,Wheat,163.0,1.0876790582845671e-05,17.50483809,85.9375,Lower water stress,1.6362195617242596e-06
Malaysia,Maize (corn),840.0,4.539863052261928e-05,3.43948718,45.64504373,Lower water stress,7.12738263854564e-07
Malaysia,Rice,2281736.0,0.17085768675783214,3.43948718,45.64504373,Lower water stress,0.00268238952638253
Malaysia,Sugar cane,25032.38,0.001027130556235957,3.43948718,45.64504373,Lower water stress,1.612549191409731e-05
Maldives,Maize (corn),147.01,7.945300801345547e-06,15.66666667,4.545666102,Lower water stress,5.658280576453505e-08
Mali,Maize (corn),3904687.0,0.21103266954699368,8.00308642,97.85962206,Lower water stress,0.016527635771461487
Mali,Potatoes,285310.0,0.03836017391497753,8.00308642,97.85962206,Lower water stress,0.0030042883121254543
Mali,Rice,2864723.0,0.2145120842121776,8.00308642,97.85962206,Lower water stress,0.01680013622557357
Mali,Sugar cane,665000.0,0.027286331539266795,8.00308642,97.85962206,Lower water stress,0.00213700821862521
Mali,Wheat,33542.0,0.0022382166241092607,8.00308642,97.85962206,Lower water stress,0.00017529242851505676
Malta,Maize (corn),0.0,0.0,72.60000792,34.52932513,Severe water stress,0.0
Malta,Potatoes,7120.0,0.0009572900994519645,72.60000792,34.52932513,Severe water stress,0.00023997628487598045
Malta,Rice,0.0,0.0,72.60000792,34.52932513,Severe water stress,0.0
Malta,Wheat,0.0,0.0,72.60000792,34.52932513,Severe water stress,0.0
Mauritania,Maize (corn),17896.0,0.0009672070140866602,13.24621733,90.57917346,Lower water stress,0.00011604853624595543
Mauritania,Potatoes,2394.45,0.00032193585374055565,13.24621733,90.57917346,Lower water stress,3.8626875164840424e-05
Mauritania,Rice,394700.0,0.029555360025575416,13.24621733,90.57917346,Lower water stress,0.003546144950602003
Mauritania,Wheat,2000.0,0.00013345755316375058,13.24621733,90.57917346,Lower water stress,1.6012656515156714e-05
Mauritius,Maize (corn),823.1,4.4485253313295157e-05,22.97346419,47.86729858,Lower water stress,4.8919439704012376e-06
Mauritius,Potatoes,16518.9,0.00222098025615689,22.97346419,47.86729858,Lower water stress,0.0002442362392761679
Mauritius,Rice,0.0,0.0,22.97346419,47.86729858,Lower water stress,0.0
Mauritius,Sugar cane,2256806.0,0.09260143870046096,22.97346419,47.86729858,Lower water stress,0.010183173433021971
Mexico,Maize (corn),26553239.3,1.4350960716183259,44.94514734,76.30113801,Water stressed,0.4921469516980084
Mexico,Potatoes,1878976.0,0.25262993285222674,44.94514734,76.30113801,Water stressed,0.08663604745338796
Mexico,Rice,246317.45,0.018444390461950018,44.94514734,76.30113801,Water stressed,0.006325256351332769
Mexico,Sugar cane,55556083.44,2.27958152145415,44.94514734,76.30113801,Water stressed,0.781751911330674
Mexico,Wheat,3610847.35,0.24094742608940645,44.94514734,76.30113801,Water stressed,0.08262968843309619
Mongolia,Potatoes,214005.37,0.028773205327325063,3.395007342,54.26038062,Lower water stress,0.0005300438484539169
Mongolia,Wheat,401903.45,0.026818525522534886,3.395007342,54.26038062,Lower water stress,0.0004940358335511695
Morocco,Maize (corn),35783.2,0.0019339384234726073,50.75121202,87.7768191,High-pressure hotspot,0.0008615270126155914
Morocco,Potatoes,1768362.0,0.23775778579312848,50.75121202,87.7768191,High-pressure hotspot,0.10591586186733262
Morocco,Rice,49110.0,0.003677384674071469,50.75121202,87.7768191,High-pressure hotspot,0.001638193953870749
Morocco,Sugar cane,571894.35,0.023466013292531555,50.75121202,87.7768191,High-pressure hotspot,0.010453592567653344
Morocco,Wheat,2707652.17,0.18067831671335982,50.75121202,87.7768191,High-pressure hotspot,0.08048821438842434
Mozambique,Maize (corn),2382511.0,0.1287651626250907,1.751486326,73.04820095,Lower water stress,0.0016474591557595086
Mozambique,Potatoes,495839.0,0.06666597831771946,1.751486326,73.04820095,Lower water stress,0.000852944027081055
Mozambique,Rice,245792.0,0.018405044467712777,1.751486326,73.04820095,Lower water stress,0.00023547952258467432
Mozambique,Sugar cane,2969375.0,0.12183962513445165,1.751486326,73.04820095,Lower water stress,0.0015588518033133446
Mozambique,Wheat,16000.0,0.0010676604253100047,1.751486326,73.04820095,Lower water stress,1.3659959783068843e-05
Myanmar,Maize (corn),2303491.0,0.12449444859664142,5.801501397,88.55573591,Lower water stress,0.006395979801844515
Myanmar,Potatoes,439120.0,0.05904006017855992,5.801501397,88.55573591,Lower water stress,0.0030332198476193035
Myanmar,Rice,27983100.0,2.095390410771927,5.801501397,88.55573591,Lower water stress,0.10765198685845243
Myanmar,Sugar cane,10880602.0,0.4464537045395629,5.801501397,88.55573591,Lower water stress,0.02293683701468065
Myanmar,Wheat,96723.0,0.0064542074573287235,5.801501397,88.55573591,Lower water stress,0.0003315889262479325
Namibia,Maize (corn),98856.0,0.005342770260647681,0.314668328,71.48492106,Lower water stress,1.2018049109089205e-05
Namibia,Potatoes,14518.66,0.0019520462746220868,0.314668328,71.48492106,Lower water stress,4.390940812936797e-06
Namibia,Wheat,18489.0,0.0012337483502222924,0.314668328,71.48492106,Lower water stress,2.7751985464244636e-06
Nepal,Maize (corn),3106397.0,0.16788829721377732,8.311832662,98.13522023,Lower water stress,0.013694371871560362
Nepal,Potatoes,3410829.0,0.4585888809864669,8.311832662,98.13522023,Lower water stress,0.037406339671161165
Nepal,Rice,5486472.0,0.4108301373960953,8.311832662,98.13522023,Lower water stress,0.03351073762087497
Nepal,Sugar cane,3159634.0,0.1296463471680296,8.311832662,98.13522023,Lower water stress,0.01057503899540842
Nepal,Wheat,2144568.0,0.14310439893663912,8.311832662,98.13522023,Lower water stress,0.011672790111148043
Netherlands (Kingdom of the),Maize (corn),176900.0,0.00956073540410875,16.65850698,3.219295516,Lower water stress,5.127293979717159e-05
Netherlands (Kingdom of the),Potatoes,6915900.0,0.9298486796067194,16.65850698,3.219295516,Lower water stress,0.004986653573684917
Netherlands (Kingdom of the),Rice,0.0,0.0,16.65850698,3.219295516,Lower water stress,0.0
Netherlands (Kingdom of the),Wheat,1162860.0,0.07759622513599951,16.65850698,3.219295516,Lower water stress,0.00041613813286539315
New Zealand,Maize (corn),188249.0,0.010174103330062568,8.04808476,64.94532199,Lower water stress,0.0005317855839899541
New Zealand,Potatoes,428404.16,0.05759930631067911,8.04808476,64.94532199,Lower water stress,0.0030106319692403175
New Zealand,Wheat,402557.0,0.026862136114469973,8.04808476,64.94532199,Lower water stress,0.0014040447867913685
Nicaragua,Maize (corn),380992.47,0.020591114735035842,2.220900209,85.04495457,Lower water stress,0.00038891747455247383
Nicaragua,Potatoes,56416.18,0.007585203730744372,2.220900209,85.04495457,Lower water stress,0.00014326656506399038
Nicaragua,Rice,504391.33,0.037769109075066684,2.220900209,85.04495457,Lower water stress,0.0007133691743545271
Nicaragua,Sugar cane,7351420.91,0.30164407253377207,2.220900209,85.04495457,Lower water stress,0.005697343364511813
Niger,Maize (corn),46109.82,0.002492050811481525,11.02093771,91.02310611,Lower water stress,0.0002499925648706627
Niger,Potatoes,359139.63,0.048286630915708104,11.02093771,91.02310611,Lower water stress,0.004843921582965041
Niger,Rice,144422.0,0.010814401331678878,11.02093771,91.02310611,Lower water stress,0.0010848574651814058
Niger,Sugar cane,650000.0,0.026670850376726944,11.02093771,91.02310611,Lower water stress,0.0026755129800085454
Niger,Wheat,5774.51,0.00038532598765980475,11.02093771,91.02310611,Lower water stress,3.8654361107961715e-05
Nigeria,Maize (corn),12948920.0,0.6998371842225658,9.668217054,44.16833667,Lower water stress,0.029885081901845363
Nigeria,Potatoes,1227512.85,0.1650401542493068,9.668217054,44.16833667,Lower water stress,0.007047694289512273
Nigeria,Rice,8502000.0,0.6366345856028433,9.668217054,44.16833667,Lower water stress,0.027186147237123152
Nigeria,Sugar cane,1509331.02,0.06193098738980409,9.668217054,44.16833667,Lower water stress,0.0026446331691598753
Nigeria,Wheat,31373.56,0.0020935192758180596,9.668217054,44.16833667,Lower water stress,8.939935806700072e-05
North Macedonia,Maize (corn),146980.0,0.007943679421684027,52.55324298,6.401105227,Severe water stress,0.00026722445295607796
North Macedonia,Potatoes,196886.0,0.02647149136526678,52.55324298,6.401105227,Severe water stress,0.0008904978944272822
North Macedonia,Rice,18981.0,0.001421308053320109,52.55324298,6.401105227,Severe water stress,4.781263780531774e-05
North Macedonia,Wheat,224632.0,0.01498941854113981,52.55324298,6.401105227,Severe water stress,0.0005042422984557728
Norway,Potatoes,376400.0,0.050607302448556095,2.044007605,31.41698056,Lower water stress,0.00032498262258856347
Norway,Wheat,384000.0,0.02562385020744011,2.044007605,31.41698056,Lower water stress,0.00016454751860554826
Oman,Maize (corn),22161.0,0.001197713155966388,116.7142857,80.78328982,High-pressure hotspot,0.0011292715106149477
Oman,Potatoes,12861.0,0.0017291724675634432,116.7142857,80.78328982,High-pressure hotspot,0.001630361322184513
Oman,Sugar cane,1704.39,6.99346625747533e-05,116.7142857,80.78328982,High-pressure hotspot,6.593834396551843e-05
Oman,Wheat,3547.0,0.00023668697053591165,116.7142857,80.78328982,High-pressure hotspot,0.00022316182420514843
Pakistan,Maize (corn),10984509.0,0.5936686494802217,109.9932519,93.97656037,High-pressure hotspot,0.6136626661715445
Pakistan,Potatoes,7936884.0,1.067120853047571,109.9932519,93.97656037,High-pressure hotspot,1.1030601470732404
Pakistan,Rice,10983081.0,0.8224193391057941,109.9932519,93.97656037,High-pressure hotspot,0.8501173925700367
Pakistan,Sugar cane,87981135.0,3.6100487500917136,109.9932519,93.97656037,High-pressure hotspot,3.7316306713014966
Pakistan,Wheat,26208672.0,1.7488726183956507,109.9932519,93.97656037,High-pressure hotspot,1.8077724581527523
Palestine,Potatoes,82000.0,0.011024970246497344,48.11011268,35.42600897,Water stressed,0.0018790400138566103
Palestine,Wheat,32811.0,0.00218943788842791,48.11011268,35.42600897,Water stressed,0.0003731566896080112
Panama,Maize (corn),97370.0,0.005262457921413618,0.90107111,36.82516097,Lower water stress,1.7461934537662958e-05
Panama,Potatoes,26975.73,0.003626910007652997,0.90107111,36.82516097,Lower water stress,1.2034844947628317e-05
Panama,Rice,421247.0,0.03154321445323934,0.90107111,36.82516097,Lower water stress,0.00010466697389610108
Panama,Sugar cane,1800000.0,0.0738577395047823,0.90107111,36.82516097,Lower water stress,0.00024507540612996086
Papua New Guinea,Maize (corn),12979.78,0.0007015050434343848,0.132242833,0.25503698,Lower water stress,2.3659529246574626e-09
Papua New Guinea,Potatoes,1267.34,0.00017039494868531635,0.132242833,0.25503698,Lower water stress,5.746878528701422e-10
Papua New Guinea,Rice,876.94,6.566576493749204e-05,0.132242833,0.25503698,Lower water stress,2.2146969584582966e-10
Papua New Guinea,Sugar cane,319000.0,0.01308923272334753,0.132242833,0.25503698,Lower water stress,4.414581011664941e-08
Paraguay,Maize (corn),4624678.0,0.24994529500962603,1.835399711,78.61583092,Lower water stress,0.003606497487398752
Paraguay,Potatoes,1259.0,0.0001692736285407336,1.835399711,78.61583092,Lower water stress,2.4424741261543415e-06
Paraguay,Rice,975069.0,0.07301372015398479,1.835399711,78.61583092,Lower water stress,0.001053525725582634
Paraguay,Sugar cane,5048888.0,0.20716636371823405,1.835399711,78.61583092,Lower water stress,0.0029892339849588796
Paraguay,Wheat,972872.0,0.06491855833076217,1.835399711,78.61583092,Lower water stress,0.0009367194429342076
Peru,Maize (corn),1611950.53,0.08711946015739325,4.82842772,81.45375979,Lower water stress,0.0034263525389500835
Peru,Potatoes,6047211.38,0.8130527504729285,4.82842772,81.45375979,Lower water stress,0.03197684364492535
Peru,Rice,3347685.78,0.2506766113007328,4.82842772,81.45375979,Lower water stress,0.009858950480569287
Peru,Sugar cane,11968230.66,0.4910813680107938,4.82842772,81.45375979,Lower water stress,0.019313915502632634
Peru,Wheat,212403.98,0.014173457726521108,4.82842772,81.45375979,Lower water stress,0.0005574330095621699
Philippines,Maize (corn),8255609.7,0.44618258870149025,27.83151711,74.62601713,Water stressed,0.09267012801479957
Philippines,Potatoes,107416.19,0.014442198765147627,27.83151711,74.62601713,Water stressed,0.002999580087327914
Philippines,Rice,19756513.4,1.4793789368814416,27.83151711,74.62601713,Water stressed,0.3072603883136316
Philippines,Sugar cane,23455403.5,0.9624239342680884,27.83151711,74.62601713,Water stressed,0.19989114647591114
Poland,Maize (corn),8344890.0,0.4510078307879767,32.48528903,13.01933649,Water stressed,0.01907478578235313
Poland,Potatoes,6030930.0,0.8108637049842468,32.48528903,13.01933649,Water stressed,0.034294418888994656
Poland,Rice,0.0,0.0,32.48528903,13.01933649,Water stressed,0.0
Poland,Wheat,13195120.0,0.8804942144510343,32.48528903,13.01933649,Water stressed,0.03723935013259312
Portugal,Maize (corn),717990.0,0.038804479439208825,12.31571228,55.42852604,Lower water stress,0.0026489558870298954
Portugal,Potatoes,319830.0,0.043001417487039575,12.31571228,55.42852604,Lower water stress,0.0029354564124838634
Portugal,Rice,155570.0,0.011649169899110128,12.31571228,55.42852604,Lower water stress,0.0007952210061624882
Portugal,Wheat,61920.0,0.004131845845949718,12.31571228,55.42852604,Lower water stress,0.0002820570598060748
Puerto Rico,Maize (corn),385.0,2.08077056562005e-05,19.53561063,3.466178042,Lower water stress,1.4089709958064324e-07
Puerto Rico,Rice,3181.0,0.00023819508548607906,19.53561063,3.466178042,Lower water stress,1.6129119295452476e-06
Qatar,Maize (corn),1151.0,6.220693301373189e-05,431.0344828,33.30727837,Severe water stress,8.930791528582833e-05
Qatar,Potatoes,466.4,6.270787954837026e-05,431.0344828,33.30727837,Severe water stress,9.002710346165977e-05
Qatar,Wheat,0.9,6.005589892368775e-08,431.0344828,33.30727837,Severe water stress,8.621976480189138e-08
Republic of Korea,Maize (corn),91211.0,0.004929588676903128,85.22183304,58.93213204,Severe water stress,0.0024757894495037016
Republic of Korea,Potatoes,480601.0,0.06461721616386426,85.22183304,58.93213204,Severe water stress,0.03245273237184104
Republic of Korea,Rice,4998223.0,0.3742697751535638,85.22183304,58.93213204,Severe water stress,0.18796967076276105
Republic of Korea,Wheat,34562.0,0.0023062799762227737,85.22183304,58.93213204,Severe water stress,0.0011582839881726296
Republic of Moldova,Maize (corn),752297.0,0.0406586351741368,12.56311256,6.892230576,Lower water stress,0.00035205445564884784
Republic of Moldova,Potatoes,171799.0,0.023098522724121915,12.56311256,6.892230576,Lower water stress,0.00020000518485446006
Republic of Moldova,Wheat,855007.0,0.05705357107893945,12.56311256,6.892230576,Lower water stress,0.0004940147110937869
Romania,Maize (corn),8037130.0,0.4343746373003084,7.63130793,36.25322046,Lower water stress,0.012017386509642824
Romania,Potatoes,1345780.0,0.18094127388208772,7.63130793,36.25322046,Lower water stress,0.0050059120332223055
Romania,Rice,16900.0,0.0012654815921769053,7.63130793,36.25322046,Lower water stress,3.501074903577771e-05
Romania,Wheat,8684240.0,0.5794887107433847,7.63130793,36.25322046,Lower water stress,0.016032105047061686
Russian Federation,Maize (corn),15862434.06,0.8573009322373234,4.122242749,28.75655662,Lower water stress,0.010162574447106464
Russian Federation,Potatoes,18887678.75,2.5394645883432942,4.122242749,28.75655662,Lower water stress,0.030103195930836924
Russian Federation,Rice,920094.51,0.0688971991401201,4.122242749,28.75655662,Lower water stress,0.0008167177815044808
Russian Federation,Wheat,104233944.0,6.955403561423701,4.122242749,28.75655662,Lower water stress,0.08245040200547733
Rwanda,Maize (corn),458522.08,0.024781279162360573,20.1986755,60.06655574,Lower water stress,0.003006625538671046
Rwanda,Potatoes,908007.15,0.12208233917508353,20.1986755,60.06655574,Lower water stress,0.014811821309935256
Rwanda,Rice,135074.74,0.010114473197519616,20.1986755,60.06655574,Lower water stress,0.001227153498680392
Rwanda,Sugar cane,113956.41,0.004675868247044539,20.1986755,60.06655574,Lower water stress,0.0005673066670576967
Rwanda,Wheat,13877.29,0.0009260145839718922,20.1986755,60.06655574,Lower water stress,0.00011235009617988276
Saint Kitts and Nevis,Potatoes,0.0,0.0,50.83333333,1.282051282,Severe water stress,0.0
Saint Vincent and the Grenadines,Maize (corn),640.0,3.45894327791385e-05,7.9,0.0,Lower water stress,0.0
Sao Tome and Principe,Maize (corn),780.65,4.219100109224136e-05,1.876146789,62.59168704,Lower water stress,4.954539577704854e-07
Saudi Arabia,Maize (corn),58500.0,0.0031616903399681287,974.1666667,81.56355802,High-pressure hotspot,0.025121684672882394
Saudi Arabia,Potatoes,605000.0,0.08134276828208406,974.1666667,81.56355802,High-pressure hotspot,0.6463211622497016
Saudi Arabia,Rice,815.0,6.102766258131231e-05,974.1666667,81.56355802,High-pressure hotspot,0.0004849044437749227
Saudi Arabia,Wheat,800000.0,0.053383021265500236,974.1666667,81.56355802,High-pressure hotspot,0.4241627999316311
Senegal,Maize (corn),787750.0,0.042574727612134926,16.2764487,91.31389425,Lower water stress,0.006327736650553956
Senegal,Potatoes,140500.0,0.018890345361376546,16.2764487,91.31389425,Lower water stress,0.002807607643994278
Senegal,Rice,1409120.0,0.10551570539457521,16.2764487,91.31389425,Lower water stress,0.015682439646284477
Senegal,Sugar cane,1271000.0,0.05215177050587684,16.2764487,91.31389425,Lower water stress,0.007751139892842349
Serbia,Maize (corn),4283293.0,0.2314948051513351,5.737631015,8.289137694,Lower water stress,0.0011009896062969305
Serbia,Potatoes,523762.0,0.07042024958836514,5.737631015,8.289137694,Lower water stress,0.0003349188022553713
Serbia,Wheat,3109827.0,0.20751495109128348,5.737631015,8.289137694,Lower water stress,0.0009869413879648838
Sierra Leone,Maize (corn),24000.0,0.0012971037292176936,0.495794393,21.53628652,Lower water stress,1.384991599914037e-06
Sierra Leone,Rice,1397000.0,0.10460815291545189,0.495794393,21.53628652,Lower water stress,0.00011169608860642513
Sierra Leone,Sugar cane,82204.31,0.0033730136189724282,0.495794393,21.53628652,Lower water stress,3.6015589373796516e-06
Slovakia,Maize (corn),683700.0,0.03695124248608905,2.425230293,5.828544912,Lower water stress,5.223266413906609e-05
Slovakia,Potatoes,130630.0,0.017563315406096926,2.425230293,5.828544912,Lower water stress,2.4826736343724014e-05
Slovakia,Rice,0.0,0.0,2.425230293,5.828544912,Lower water stress,0.0
Slovakia,Wheat,2048150.0,0.13667054375616786,2.425230293,5.828544912,Lower water stress,0.0001931915175086989
Slovenia,Maize (corn),277820.0,0.015015056585469151,5.591615957,0.411124547,Lower water stress,3.4517371499992167e-06
Slovenia,Potatoes,58230.0,0.00782907338357976,5.591615957,0.411124547,Lower water stress,1.7997869867719821e-06
Slovenia,Rice,0.0,0.0,5.591615957,0.411124547,Lower water stress,0.0
Slovenia,Wheat,150750.0,0.0100593630697177,5.591615957,0.411124547,Lower water stress,2.3124972600287963e-06
Somalia,Maize (corn),65000.0,0.0035129892666312533,24.52774059,99.48453608,Lower water stress,0.0008572153638696829
Somalia,Rice,2000.0,0.00014976113516886454,24.52774059,99.48453608,Lower water stress,3.654367725991414e-05
Somalia,Sugar cane,254000.0,0.010422147685674836,24.52774059,99.48453608,Lower water stress,0.0025431404546380878
Somalia,Wheat,1056.42,7.04936141566247e-05,24.52774059,99.48453608,Lower water stress,1.7201364571121254e-05
South Africa,Maize (corn),15470000.0,0.8360914454582384,67.59526097,59.39992976,Severe water stress,0.33570357056905703
South Africa,Potatoes,2532217.0,0.34045874491066785,67.59526097,59.39992976,Severe water stress,0.13669942076172067
South Africa,Rice,3081.13,0.00023071676320142182,67.59526097,59.39992976,Severe water stress,9.26363277815902e-05
South Africa,Sugar cane,17911000.0,0.7349255401500865,67.59526097,59.39992976,Severe water stress,0.29508390412433666
South Africa,Wheat,2110000.0,0.14079771858775686,67.59526097,59.39992976,Severe water stress,0.05653244883038113
South Sudan,Maize (corn),219300.0,0.011852285325726677,4.226075787,36.47416413,Lower water stress,0.00018269418612961032
South Sudan,Rice,36515.0,0.0027342639253455443,4.226075787,36.47416413,Lower water stress,4.214665009964488e-05
Spain,Maize (corn),3590260.0,0.19403915145254652,43.25403923,65.33425224,Water stressed,0.054834888087609335
Spain,Potatoes,1881920.0,0.25302575617424733,43.25403923,65.33425224,Water stressed,0.07150432744749818
Spain,Rice,350420.0,0.026239648492936758,43.25403923,65.33425224,Water stressed,0.007415246757148768
Spain,Wheat,6508800.0,0.4343242610161098,43.25403923,65.33425224,Water stressed,0.1227387466306066
Sri Lanka,Maize (corn),259040.0,0.014000072917356308,90.78541374,87.36289201,High-pressure hotspot,0.011103844648081075
Sri Lanka,Potatoes,47614.0,0.0064017430892283475,90.78541374,87.36289201,High-pressure hotspot,0.0050773993220844795
Sri Lanka,Rice,3392905.0,0.2540626521600582,90.78541374,87.36289201,High-pressure hotspot,0.20150410909413038
Sri Lanka,Sugar cane,876660.0,0.03597118106347914,90.78541374,87.36289201,High-pressure hotspot,0.028529737573130588
Sudan,Maize (corn),24538.03,0.0013261820925273185,118.6563877,96.19454242,High-pressure hotspot,0.0015137170937690625
Sudan,Potatoes,520065.06,0.06992319283832751,118.6563877,96.19454242,High-pressure hotspot,0.07981101000133324
Sudan,Rice,28000.0,0.0020966558923641034,118.6563877,96.19454242,High-pressure hotspot,0.002393143356335732
Sudan,Sugar cane,4577997.51,0.18784474863729,118.6563877,96.19454242,High-pressure hotspot,0.21440781668612482
Sudan,Wheat,476270.0,0.03178091442264974,118.6563877,96.19454242,High-pressure hotspot,0.03627504374267192
Suriname,Maize (corn),29.0,1.567333672804713e-06,3.950609365,69.99512908,Lower water stress,4.334044556483527e-08
Suriname,Rice,184235.0,0.01379562136891788,3.950609365,69.99512908,Lower water stress,0.00038148122977714005
Suriname,Sugar cane,97419.78,0.003997335963251778,3.950609365,69.99512908,Lower water stress,0.00011053569812588226
Sweden,Maize (corn),12200.0,0.0006593610623523276,3.582972583,4.932301741,Lower water stress,1.1652427760986122e-06
Sweden,Potatoes,852200.0,0.11457902004957361,3.582972583,4.932301741,Lower water stress,0.00020248750347633018
Sweden,Rice,0.0,0.0,3.582972583,4.932301741,Lower water stress,0.0
Sweden,Wheat,3228700.0,0.21544720094990077,3.582972583,4.932301741,Lower water stress,0.0003807447980654202
Switzerland,Maize (corn),125317.0,0.006772881168098905,6.498855835,9.239381348,Lower water stress,4.066804089103187e-05
Switzerland,Potatoes,382029.0,0.05136412632072115,6.498855835,9.239381348,Lower water stress,0.00030841798899146285
Switzerland,Wheat,486667.0,0.0324746935127715,6.498855835,9.239381348,Lower water stress,0.00019499562016851742
Syrian Arab Republic,Maize (corn),535715.0,0.028953246845744032,124.3601389,87.52774397,High-pressure hotspot,0.03151550032076216
Syrian Arab Republic,Potatoes,554740.0,0.07458526822612117,124.3601389,87.52774397,High-pressure hotspot,0.0811857840064655
Syrian Arab Republic,Wheat,1551605.0,0.1035367033883206,124.3601389,87.52774397,High-pressure hotspot,0.11269931231650171
Tajikistan,Maize (corn),220000.0,0.011890117517828858,69.94326428,74.52525253,Severe water stress,0.006197770642753503
Tajikistan,Potatoes,1094400.0,0.14714301753374015,69.94326428,74.52525253,Severe water stress,0.07669887812204759
Tajikistan,Rice,146848.0,0.01099606158863871,69.94326428,74.52525253,Severe water stress,0.005731740464110978
Tajikistan,Wheat,934274.0,0.062342961012254956,69.94326428,74.52525253,Severe water stress,0.032496514266129345
Thailand,Maize (corn),4700555.0,0.25404614249553653,23.01393518,90.37448086,Lower water stress,0.05283835713922845
Thailand,Potatoes,110860.0,0.014905221969837748,23.01393518,90.37448086,Lower water stress,0.0031000960453300263
Thailand,Rice,32882932.48,2.462292647942963,23.01393518,90.37448086,Lower water stress,0.5121254628599317
Thailand,Sugar cane,92162730.0,3.7816282802164363,23.01393518,90.37448086,Lower water stress,0.7865304455130351
Thailand,Wheat,1321.18,8.8160725044442e-05,23.01393518,90.37448086,Lower water stress,1.8336306270162682e-05
Timor-Leste,Maize (corn),87000.0,0.004702001018414139,28.26821032,91.38225256,Water stressed,0.00121462689101929
Timor-Leste,Potatoes,1042.2,0.00014012468281584796,28.26821032,91.38225256,Water stressed,3.6197186512112076e-05
Timor-Leste,Rice,85500.0,0.0064022885284689595,28.26821032,91.38225256,Water stressed,0.0016538473259126362
Togo,Maize (corn),957047.0,0.051724551364025255,3.391634981,34.08071749,Lower water stress,0.0005978807458279538
Togo,Rice,169608.0,0.012700343306860389,3.391634981,34.08071749,Lower water stress,0.00014680244735496985
Trinidad and Tobago,Maize (corn),0.0,0.0,20.32648126,4.358037578,Lower water stress,0.0
Trinidad and Tobago,Rice,125.0,9.360070948054034e-06,20.32648126,4.358037578,Lower water stress,8.291484921656398e-08
Tunisia,Potatoes,400000.0,0.0537803426658407,98.11339918,75.54217539,High-pressure hotspot,0.039860374470639594
Tunisia,Wheat,1135000.0,0.07573716142042845,98.11339918,75.54217539,High-pressure hotspot,0.056134108968388156
Turkmenistan,Maize (corn),11628.69,0.0006284840485381876,135.2138073,92.74870448,High-pressure hotspot,0.0007881759032619739
Turkmenistan,Potatoes,698748.99,0.09394740029902524,135.2138073,92.74870448,High-pressure hotspot,0.11781854648821569
Turkmenistan,Rice,86285.0,0.006461069774022739,135.2138073,92.74870448,High-pressure hotspot,0.008102766517342382
Turkmenistan,Wheat,1250000.0,0.08341097072734412,135.2138073,92.74870448,High-pressure hotspot,0.10460490977916667
Uganda,Maize (corn),4738000.0,0.2560698945430597,5.82799634,40.65934066,Lower water stress,0.006067895945450277
Uganda,Potatoes,434000.0,0.05835167179243716,5.82799634,40.65934066,Lower water stress,0.001382715735918091
Uganda,Rice,347000.0,0.025983556951798,5.82799634,40.65934066,Lower water stress,0.0006157128316764275
Uganda,Sugar cane,6161676.75,0.25282639795231865,5.82799634,40.65934066,Lower water stress,0.005991037243074665
Uganda,Wheat,25000.0,0.0016682194145468824,5.82799634,40.65934066,Lower water stress,3.9530542392394706e-05
Ukraine,Maize (corn),26186930.0,1.4152985233234459,6.298134232,21.1318125,Lower water stress,0.018836348400715464
Ukraine,Potatoes,20899210.0,2.8099166881134114,6.298134232,21.1318125,Lower water stress,0.037397459858857424
Ukraine,Rice,3090.0,0.0002313809538358957,6.298134232,21.1318125,Lower water stress,3.0794720604302857e-06
Ukraine,Wheat,20729240.0,1.3832368246720725,6.298134232,21.1318125,Lower water stress,0.01840963607383628
United Arab Emirates,Maize (corn),21429.0,0.0011581514922252483,1509.933333,51.1797143,Severe water stress,0.008949958074660189
United Arab Emirates,Potatoes,1291.0,0.00017357605595400087,1509.933333,51.1797143,Severe water stress,0.0013413602917942272
United Kingdom of Great Britain and Northern Ireland,Potatoes,5062283.0,0.6806282860286501,14.35464621,14.04988124,Lower water stress,0.013726984405639386
United Kingdom of Great Britain and Northern Ireland,Wheat,15540000.0,1.036965188082342,14.35464621,14.04988124,Lower water stress,0.02091362533439882
United Republic of Tanzania,Maize (corn),6537000.0,0.3532986282456693,12.96324081,89.35185185,Lower water stress,0.040922211702286916
United Republic of Tanzania,Potatoes,431000.0,0.057948319222443354,12.96324081,89.35185185,Lower water stress,0.006712093389062281
United Republic of Tanzania,Rice,4135400.0,0.3096610991886612,12.96324081,89.35185185,Lower water stress,0.03586772221529731
United Republic of Tanzania,Sugar cane,3388832.15,0.1390508234222952,12.96324081,89.35185185,Lower water stress,0.016106111879686393
United Republic of Tanzania,Wheat,66000.0,0.00440409925440377,12.96324081,89.35185185,Lower water stress,0.0005101222241974675
United States of America,Maize (corn),346739460.0,18.739876943038723,28.15525982,39.65878143,Water stressed,2.0925008348230483
United States of America,Potatoes,18236860.0,2.4519614498724094,28.15525982,39.65878143,Water stressed,0.2737868234891401
United States of America,Rice,7259340.0,0.5435834994883726,28.15525982,39.65878143,Water stressed,0.060696712680281525
United States of America,Sugar cane,31453000.0,1.2905819336910656,28.15525982,39.65878143,Water stressed,0.14410680400221446
United States of America,Wheat,44897830.0,2.9959772670810176,28.15525982,39.65878143,Water stressed,0.3345318089085251
Uruguay,Maize (corn),878000.0,0.04745237809388063,12.05201437,77.19047446,Lower water stress,0.004414498090945281
Uruguay,Potatoes,91000.0,0.01223502795647876,12.05201437,77.19047446,Lower water stress,0.0011382255163203897
Uruguay,Rice,1397900.0,0.10467554542627788,12.05201437,77.19047446,Lower water stress,0.009737973395953997
Uruguay,Sugar cane,523700.0,0.021488498988141383,12.05201437,77.19047446,Lower water stress,0.0019990765810041214
Uruguay,Wheat,1283100.0,0.08561969323220418,12.05201437,77.19047446,Lower water stress,0.007965206118292057
Uzbekistan,Maize (corn),656414.35,0.03547656255404201,123.0283912,92.13483146,High-pressure hotspot,0.040213393498476094
Uzbekistan,Potatoes,3443223.88,0.46294440035401385,123.0283912,92.13483146,High-pressure hotspot,0.5247567407635141
Uzbekistan,Rice,359147.06,0.026893135699080153,123.0283912,92.13483146,High-pressure hotspot,0.03048390741429961
Uzbekistan,Wheat,6270058.7,0.4183933461475434,123.0283912,92.13483146,High-pressure hotspot,0.4742572294073155
Venezuela (Bolivarian Republic of),Maize (corn),2602191.0,0.14063798542652997,7.540366667,73.85211016,Lower water stress,0.007831735477722628
Venezuela (Bolivarian Republic of),Potatoes,528712.0,0.07108578132885492,7.540366667,73.85211016,Lower water stress,0.00395856804906852
Venezuela (Bolivarian Republic of),Rice,610975.0,0.04575015477989851,7.540366667,73.85211016,Lower water stress,0.0025476979723107027
Venezuela (Bolivarian Republic of),Sugar cane,2814056.0,0.11546656388881649,7.540366667,73.85211016,Lower water stress,0.006430009518098391
Venezuela (Bolivarian Republic of),Wheat,762.0,5.084732775538897e-05,7.540366667,73.85211016,Lower water stress,2.831545258000755e-06
Viet Nam,Maize (corn),4423352.38,0.23906445282258168,18.13031538,94.78239668,Lower water stress,0.04108166618527702
Viet Nam,Potatoes,332851.24,0.044752134359874955,18.13031538,94.78239668,Lower water stress,0.007690362256472567
Viet Nam,Rice,42660798.11,3.194464776081676,18.13031538,94.78239668,Lower water stress,0.5489479260599506
Viet Nam,Sugar cane,11088957.08,0.4550029463301952,18.13031538,94.78239668,Lower water stress,0.07818928717238781
Yemen,Maize (corn),96623.0,0.005222085567841717,169.7619048,90.74333801,High-pressure hotspot,0.008044498483835217
Yemen,Potatoes,315927.0,0.04247665579347764,169.7619048,90.74333801,High-pressure hotspot,0.06543427691673138
Yemen,Wheat,100000.0,0.0066728776581875295,169.7619048,90.74333801,High-pressure hotspot,0.01027940915688468
Zambia,Maize (corn),2706243.46,0.1462616035057081,2.835497836,73.28244275,Lower water stress,0.003039202151385347
Zambia,Potatoes,52372.18,0.007041484466392723,2.835497836,73.28244275,Lower water stress,0.0001463165603703509
Zambia,Rice,62279.91,0.0046635550099073594,2.835497836,73.28244275,Lower water stress,9.690503918659155e-05
Zambia,Sugar cane,4550000.0,0.1866959526370886,2.835497836,73.28244275,Lower water stress,0.003879396419221074
Zambia,Wheat,234924.63,0.01567623314884972,2.835497836,73.28244275,Lower water stress,0.0003257399096526588
Zimbabwe,Maize (corn),869100.29,0.046971384467632465,46.09162031,87.20018255,Water stressed,0.01887872806556719
Zimbabwe,Potatoes,534543.0,0.07186976427406622,46.09162031,87.20018255,Water stressed,0.02888587916333352
Zimbabwe,Rice,539.0,4.0360625928008995e-05,46.09162031,87.20018255,Water stressed,1.622173351045294e-05
Zimbabwe,Sugar cane,6049404.0,0.24821961377288226,46.09162031,87.20018255,Water stressed,0.09976437020261747
Zimbabwe,Wheat,250000.0,0.016682194145468822,46.09162031,87.20018255,Water stressed,0.006704903642478841
